age,annual_income,purchase_frequency,time_spent_on_app,is_premium_user,label_fashion,label_electronics,label_home_decor,label_sports,label_books
56,326108,41,14.938830237692846,1,0,0,0,0,1
46,1262958,47,32.230195570809315,1,0,1,0,0,1
32,1332867,14,89.23160416138033,0,0,1,1,0,0
25,563339,39,68.05686712853878,1,1,0,1,1,1
38,1907692,25,19.718643981362433,1,0,1,0,0,0
56,1531329,20,106.44559564243691,0,0,1,1,0,0
36,347550,2,50.24650235481303,0,0,0,0,0,0
40,1480626,39,100.20486316204988,1,0,1,1,0,1
28,632882,6,95.5869967856865,1,0,0,1,1,0
28,537827,17,76.80892634424872,1,0,0,1,1,0
41,1247843,25,61.865330098935694,0,0,1,1,0,0
53,1740889,28,117.64834664390204,0,0,1,1,0,1
57,1635434,2,21.67098332367896,1,0,0,0,0,0
41,1903194,35,88.3929086683782,0,0,1,1,0,1
20,795603,37,26.986930668450736,0,1,0,0,0,1
39,588349,5,43.900257113220064,1,0,0,0,0,0
19,1262729,1,40.50035548791745,1,0,0,0,1,0
41,1226919,40,113.90913858995314,0,0,1,1,0,1
47,1849189,12,116.24596044565165,0,0,1,1,0,0
55,1489349,36,26.046776086993624,1,0,1,0,0,1
19,1303894,45,7.534043434212982,0,1,1,0,0,1
38,594030,23,87.80092456125801,0,0,0,1,0,0
50,1625753,47,53.0688423951057,1,0,1,0,0,1
29,276077,31,15.216628185069904,1,1,0,0,1,1
39,1076906,11,83.63172214135989,0,0,1,1,0,0
42,333515,10,67.68713574998046,0,0,0,1,0,0
44,1193497,3,117.7594345301272,0,0,0,1,0,0
59,1455564,14,31.152092024058575,1,0,1,0,0,0
45,325885,16,51.45745577755305,0,0,0,0,0,0
33,1096209,10,67.39276739047364,0,0,0,1,0,0
32,741656,29,96.04549867213544,1,1,0,1,0,1
20,870688,10,68.11644552280674,1,0,0,1,1,0
54,388014,12,75.48351849912416,0,0,0,1,0,0
24,291751,30,31.006910932843187,1,1,0,0,1,1
38,430203,41,102.39565373018438,1,0,0,1,0,1
26,1013738,1,54.29251290160471,0,0,0,0,0,0
56,895275,5,21.210357165003465,1,0,0,0,0,0
35,1023651,20,81.381610168123,1,0,1,1,0,0
21,1460527,8,29.850402116310363,0,0,0,0,0,0
42,1753731,43,16.21968867751947,1,0,1,0,0,1
31,395716,12,104.12849446649132,0,0,0,1,0,0
26,784567,1,57.91866041617056,0,0,0,0,0,0
43,515172,20,91.16762696001429,1,0,0,1,0,0
19,1090695,28,38.417569377730835,1,1,1,0,1,1
37,200126,43,95.50156551553162,1,0,0,1,0,1
45,1038761,37,17.872631607475988,0,0,1,0,0,1
24,1276208,47,45.93693798640806,1,1,1,0,1,1
25,700315,37,117.47710906695578,0,1,0,1,0,1
52,1969246,12,96.3088173823207,1,0,1,1,0,0
31,1358521,37,62.18443198618914,1,1,1,1,0,1
34,517320,49,44.07440922961678,1,1,0,0,0,1
53,1499445,49,105.2956055025848,0,0,1,1,0,1
57,941426,44,67.6574922947193,1,0,1,1,0,1
21,698716,28,92.21887705494778,1,1,0,1,1,1
19,1243917,47,91.72238323635887,0,1,1,1,0,1
23,1423975,15,7.0637530353765605,0,0,1,0,0,0
59,662120,6,19.519185021150548,1,0,0,0,0,0
21,1383445,44,80.85737713539535,1,1,1,1,1,1
46,378954,20,23.586278297875214,1,0,0,0,0,0
35,869078,14,34.38173463539454,0,0,1,0,0,0
43,1283136,2,113.86336473295482,0,0,0,1,0,0
51,484260,9,69.42095971311487,0,0,0,1,0,0
27,332717,37,91.33389330492493,0,1,0,1,0,1
53,1427171,20,69.16778496000359,1,0,1,1,0,0
31,848373,26,68.5390657000134,0,1,1,1,0,1
48,579862,29,15.82746966445526,0,0,0,0,0,1
32,694592,1,44.52126715004685,0,0,0,0,0,0
25,1348734,35,37.47955334894885,1,1,1,0,1,1
31,1957109,6,49.93376204556552,1,0,0,0,0,0
40,1417078,37,96.80958164579775,0,0,1,1,0,1
57,1681074,5,47.77225681043946,0,0,0,0,0,0
38,530388,33,56.94513421164351,1,0,0,0,0,1
33,1915630,49,50.698859905811396,1,1,1,0,0,1
35,518408,14,15.741916777158995,1,0,0,0,0,0
41,668276,12,55.723298198840126,1,0,0,0,0,0
43,1214920,42,27.495066400119228,1,0,1,0,0,1
42,257545,20,26.47317901389977,1,0,0,0,0,0
58,711411,24,15.814152009940631,1,0,0,0,0,0
46,1025656,43,46.01716202630295,1,0,1,0,0,1
32,1220020,34,92.110416750783,0,1,1,1,0,1
18,1084377,25,36.79079441709055,0,1,1,0,0,0
42,213224,29,40.92014671683406,0,0,0,0,0,1
24,240738,39,78.90758563232872,0,1,0,1,0,1
26,1142654,31,27.52169344749567,0,1,1,0,0,1
41,1429336,47,108.15016199870645,0,0,1,1,0,1
18,1217433,43,64.82191017392876,1,1,1,1,1,1
25,666725,23,56.474338136824954,1,1,0,0,1,0
41,863937,44,69.14932207185817,0,0,1,1,0,1
28,1780934,38,24.093946042862477,0,1,1,0,0,1
34,1374737,20,75.54941094350528,1,0,1,1,0,0
25,1781530,23,46.7565847129112,1,1,1,0,1,0
52,1044193,45,108.17642921093118,1,0,1,1,0,1
52,498512,16,24.418233767933906,0,0,0,0,0,0
50,862143,42,63.310876944525724,1,0,1,1,0,1
22,766202,8,73.78295237743707,0,0,0,1,0,0
59,1450155,21,8.839114205433841,0,0,1,0,0,0
56,852026,1,46.824709346956126,1,0,0,0,0,0
58,1196530,8,89.25305199059578,1,0,0,1,0,0
45,971253,29,99.34341335663193,0,0,1,1,0,1
24,704471,32,41.01362940398747,1,1,0,0,1,1
26,1578246,38,96.83822632401639,1,1,1,1,1,1
25,1006388,5,116.29192586688971,0,0,0,1,0,0
29,1467543,47,103.54050264863582,1,1,1,1,1,1
51,583152,22,18.529058638322397,0,0,0,0,0,0
50,1154652,47,90.06898818983717,0,0,1,1,0,1
40,294270,34,41.76168573066264,1,0,0,0,0,1
41,1245482,1,118.6678387823888,0,0,0,1,0,0
54,1791961,26,60.81628306338702,0,0,1,1,0,1
52,1914331,43,19.079898311278217,1,0,1,0,0,1
57,1395889,10,88.39633802314994,1,0,0,1,0,0
39,358768,30,42.14628781441459,1,0,0,0,0,1
44,1495302,18,119.66398806439109,0,0,1,1,0,0
52,770451,17,117.67498265327002,0,0,0,1,0,0
18,219816,26,80.45541207236678,1,1,0,1,1,1
52,1167344,8,19.930041629447523,0,0,0,0,0,0
54,957907,47,83.98901473262835,1,0,1,1,0,1
31,514997,40,15.698505942903129,1,1,0,0,0,1
20,1404565,49,8.376878296775116,0,1,1,0,0,1
18,1869595,12,99.6402213154709,1,0,1,1,1,0
22,1925502,27,29.121588983623354,0,1,1,0,0,1
43,1455100,8,48.5881195151962,0,0,0,0,0,0
31,1835687,25,116.94759984725991,1,1,1,1,0,0
56,1238896,46,43.736657714026876,0,0,1,0,0,1
44,1400454,4,39.09632484758126,1,0,0,0,0,0
26,930880,33,110.59391995661915,0,1,1,1,0,1
32,1774623,1,17.736071211680184,0,0,0,0,0,0
32,981452,19,92.35197716318265,0,0,1,1,0,0
43,1683741,31,118.62754016506901,1,0,1,1,0,1
59,333554,16,108.64904123908461,0,0,0,1,0,0
30,651282,14,79.94181065123898,1,0,0,1,0,0
49,1342077,48,41.116991424164176,0,0,1,0,0,1
56,464223,5,34.24702783550642,0,0,0,0,0,0
49,1308252,41,99.21433706021803,1,0,1,1,0,1
21,1990380,26,106.17952010444496,1,1,1,1,1,1
47,1422108,28,65.42501494275467,1,0,1,1,0,1
54,1863261,2,33.09909319044361,1,0,0,0,0,0
40,797135,6,17.98846896728496,1,0,0,0,0,0
56,1866471,9,15.025638800660584,0,0,0,0,0,0
32,420178,33,87.69390644569339,0,1,0,1,0,1
46,1398097,41,53.313653702488374,1,0,1,0,0,1
53,626752,25,109.11638554195508,0,0,0,1,0,0
30,788365,48,90.06219958357782,0,1,0,1,0,1
49,1024690,13,26.99494806017747,0,0,1,0,0,0
24,903662,9,75.58440316380539,1,0,0,1,1,0
39,1505585,13,55.08312725578833,0,0,1,0,0,0
45,1386293,31,71.38371903839051,0,0,1,1,0,1
19,1630491,41,89.87794918392947,0,1,1,1,0,1
59,762288,11,97.71252631543594,1,0,0,1,0,0
23,1799601,4,102.02979253677329,0,0,0,1,0,0
45,500709,34,34.20711057578284,0,0,0,0,0,1
45,1143026,38,8.578293990496134,1,0,1,0,0,1
37,1434816,46,90.01889454394892,1,0,1,1,0,1
47,1825351,4,17.229528519414078,0,0,0,0,0,0
28,1523062,38,41.21575269049128,0,1,1,0,0,1
45,1551526,19,5.438970424299922,1,0,1,0,0,0
42,1559490,6,83.39199047618631,1,0,0,1,0,0
56,1327199,34,24.220181319190445,1,0,1,0,0,1
50,1613897,18,80.35747711454069,1,0,1,1,0,0
18,1217289,13,119.05040097430147,1,0,1,1,1,0
44,1107425,41,13.357150235151872,1,0,1,0,0,1
30,383675,23,13.863971374417979,1,1,0,0,0,0
58,1985910,19,44.143710656667615,0,0,1,0,0,0
20,1878811,45,104.63444913890433,1,1,1,1,1,1
56,852465,11,29.785934911003164,1,0,1,0,0,0
23,1465030,1,46.44344929198997,0,0,0,0,0,0
25,1198748,24,12.878121762102651,1,1,1,0,1,0
44,1358151,7,92.76285849477227,1,0,0,1,0,0
26,1233024,25,51.955229417336874,0,1,1,0,0,0
54,1456182,21,92.31360430199693,1,0,1,1,0,0
50,705815,15,108.91490209988143,0,0,0,1,0,0
59,1541398,1,31.767761916648208,0,0,0,0,0,0
41,276218,12,97.8505434890944,0,0,0,1,0,0
32,787518,7,11.795797358999128,0,0,0,0,0,0
49,970044,15,108.36744964072844,1,0,1,1,0,0
49,1584775,21,79.83838296925595,0,0,1,1,0,0
41,649589,19,105.53607327591043,0,0,0,1,0,0
58,1935416,29,5.021665949006918,1,0,1,0,0,1
29,678446,25,24.44432309093914,0,1,0,0,0,0
56,662052,33,49.82232955404659,0,0,0,0,0,1
19,1582978,49,48.64283388809264,0,1,1,0,0,1
20,1288562,32,31.073994036203725,0,1,1,0,0,1
54,1928096,49,48.88537308472801,1,0,1,0,0,1
34,547739,35,19.817601880029304,0,1,0,0,0,1
19,1874222,44,52.467529865592994,1,1,1,0,1,1
19,672327,38,97.27074785331538,1,1,0,1,1,1
45,1575649,26,60.09305725688539,0,0,1,1,0,1
40,797794,11,7.070010228699724,0,0,0,0,0,0
54,234911,35,53.466064781613454,0,0,0,0,0,1
49,625037,8,8.125126850447078,0,0,0,0,0,0
50,930399,46,116.11799223128179,1,0,1,1,0,1
18,1178039,14,19.657205333629932,1,0,1,0,1,0
36,1099885,10,86.38415752802115,1,0,0,1,0,0
19,808746,2,116.86927713258987,0,0,0,1,0,0
43,1260751,46,99.99449094165577,1,0,1,1,0,1
49,1105667,9,85.42126813951343,0,0,0,1,0,0
23,516915,3,101.5380045925882,0,0,0,1,0,0
49,699876,21,117.90684972497218,0,0,0,1,0,0
21,1894164,26,76.45461718415591,0,1,1,1,0,1
28,811213,8,69.30625278537255,0,0,0,1,0,0
34,968734,48,77.24738270327735,1,1,1,1,0,1
55,1314934,2,66.25772697757881,1,0,0,1,0,0
41,1659119,6,78.03524717961766,0,0,0,1,0,0
22,247057,28,56.731853916844315,1,1,0,0,1,1
51,1516870,29,30.120966031580316,0,0,1,0,0,1
23,454726,26,18.828431048842695,0,1,0,0,0,1
39,478176,25,12.859207586209944,0,0,0,0,0,0
28,1775062,12,35.28131513161801,1,0,1,0,1,0
33,908754,5,10.304209898609392,0,0,0,0,0,0
50,1137583,34,70.22463969072935,0,0,1,1,0,1
26,1415868,48,37.64027140770483,1,1,1,0,1,1
23,344931,37,99.8215029300087,1,1,0,1,1,1
33,1692252,15,13.53770039366444,1,0,1,0,0,0
46,362491,44,31.030421849270883,0,0,0,0,0,1
20,1629585,36,88.97830691536677,0,1,1,1,0,1
37,601921,15,73.86295408410152,1,0,0,1,0,0
53,460910,43,12.416496193654266,0,0,0,0,0,1
36,1271812,48,105.88253757365305,1,0,1,1,0,1
43,287955,23,105.88510272501064,1,0,0,1,0,0
20,1989450,6,42.99692044571399,0,0,0,0,0,0
36,827433,46,44.14667198519994,0,0,1,0,0,1
37,1919294,44,118.73826121027,1,0,1,1,0,1
49,1479361,43,77.01025973321089,1,0,1,1,0,1
24,1343490,45,66.1013998653268,1,1,1,1,1,1
58,407990,21,101.38750110847131,1,0,0,1,0,0
50,578387,23,37.80838891109139,0,0,0,0,0,0
57,738884,43,54.355998240581044,1,0,0,0,0,1
56,1196261,16,35.79431768115843,1,0,1,0,0,0
35,1905215,47,95.75349735770412,1,0,1,1,0,1
57,1442845,15,70.93517474805007,0,0,1,1,0,0
18,592417,25,80.76488306610811,0,1,0,1,0,0
28,1180020,36,34.015333731531754,1,1,1,0,1,1
45,338155,11,30.325909658391236,0,0,0,0,0,0
42,1369250,15,61.16308233303795,0,0,1,1,0,0
40,1106739,4,89.82006114567508,0,0,0,1,0,0
48,1505289,21,65.40257211481841,1,0,1,1,0,0
47,1690077,13,8.75425291775189,1,0,1,0,0,0
59,743351,22,104.8834232268332,0,0,0,1,0,0
52,267642,19,12.43899275424013,1,0,0,0,0,0
24,290093,34,114.9198156278865,1,1,0,1,1,1
33,1756182,14,7.891325201886364,0,0,1,0,0,0
43,417215,4,84.86180245503151,0,0,0,1,0,0
19,1955856,48,14.45381232685489,1,1,1,0,1,1
18,1932465,46,109.72780663504105,0,1,1,1,0,1
29,235954,27,58.40982216593742,1,1,0,0,1,1
22,1276432,29,20.81523410395677,1,1,1,0,1,1
54,726861,47,44.19380547583236,0,0,0,0,0,1
49,759655,28,23.954837664877633,1,0,0,0,0,1
26,695553,35,24.616919829065353,1,1,0,0,1,1
58,962092,8,114.03245681971585,0,0,0,1,0,0
52,1086040,16,56.20330291275064,0,0,1,0,0,0
36,522918,42,95.71226034911635,0,0,0,1,0,1
33,1272328,36,78.55463953543341,1,1,1,1,0,1
20,1041461,30,82.78903166891511,0,1,1,1,0,1
37,348757,18,20.14474542428443,0,0,0,0,0,0
41,1562413,2,31.93121138378085,0,0,0,0,0,0
50,316739,49,95.47628854276024,0,0,0,1,0,1
41,1486585,13,116.63811374460003,1,0,1,1,0,0
28,980316,4,35.20769889884495,1,0,0,0,1,0
25,1456556,26,36.23040794636958,0,1,1,0,0,1
53,1505185,25,59.38317027325406,1,0,1,0,0,0
55,1637398,30,118.14163597837535,0,0,1,1,0,1
57,536676,11,35.93027877004417,0,0,0,0,0,0
37,1592714,7,51.801769607940344,1,0,0,0,0,0
52,1566853,31,107.52020179670328,1,0,1,1,0,1
42,1214929,44,5.335918751456631,0,0,1,0,0,1
52,1766847,10,9.573085973685497,0,0,0,0,0,0
42,523412,39,74.46824286319021,1,0,0,1,0,1
46,685417,13,109.34871894197741,0,0,0,1,0,0
35,1680035,31,32.46851594622168,1,0,1,0,0,1
35,388456,7,59.008804088281536,0,0,0,0,0,0
19,755941,49,56.8035096906491,0,1,0,0,0,1
52,1406305,42,59.39170480098367,1,0,1,0,0,1
33,428504,42,76.5897650089207,1,1,0,1,0,1
58,1894693,36,59.020532743928634,1,0,1,0,0,1
53,852665,20,56.45883625208265,1,0,1,0,0,0
50,1774486,4,59.54316834959496,1,0,0,0,0,0
21,773044,7,72.94975574616977,1,0,0,1,1,0
50,1289385,1,66.75586116040621,1,0,0,1,0,0
31,1789589,44,103.225639729808,0,1,1,1,0,1
38,916756,45,10.692138151771662,0,0,1,0,0,1
37,251226,42,100.83146321939644,0,0,0,1,0,1
25,699512,47,102.05133045034826,1,1,0,1,1,1
24,1854046,13,37.764422476060496,1,0,1,0,1,0
20,1724357,22,58.22797482682282,1,1,1,0,1,0
34,1277978,21,55.43192618180508,0,1,1,0,0,0
50,1252839,22,30.128630950724983,1,0,1,0,0,0
29,1240993,28,50.631637414926395,1,1,1,0,1,1
39,1426476,9,10.10459379964826,0,0,0,0,0,0
39,772212,26,36.94953836989946,1,0,0,0,0,1
47,536326,9,98.91845017683258,0,0,0,1,0,0
55,424137,15,37.724664702733214,0,0,0,0,0,0
55,1700844,10,99.09376690604847,1,0,0,1,0,0
25,1129168,24,66.13393842950956,1,1,1,1,1,0
44,1546457,42,106.1842078965334,1,0,1,1,0,1
44,563476,8,71.09964874040774,0,0,0,1,0,0
51,1600283,24,8.411845652445079,0,0,1,0,0,0
38,1933309,16,82.67332386791526,0,0,1,1,0,0
47,1759161,49,10.158160322710396,1,0,1,0,0,1
50,891757,26,56.81865718306041,1,0,1,0,0,1
45,590719,27,111.8840698644081,1,0,0,1,0,1
50,1727937,37,23.99845302385277,1,0,1,0,0,1
22,1349947,4,49.83532058827757,0,0,0,0,0,0
36,762997,24,88.93393551757502,0,0,0,1,0,0
21,1233578,19,106.45973395090748,0,0,1,1,0,0
52,1440768,36,82.1584455453884,0,0,1,1,0,1
34,1398898,39,34.68992423198446,1,1,1,0,0,1
45,221172,10,82.57990308536486,1,0,0,1,0,0
47,735843,25,39.12367872697035,1,0,0,0,0,0
46,1196121,18,87.61936142915455,0,0,1,1,0,0
23,1826140,19,114.71380967227967,0,0,1,1,0,0
52,781780,36,87.96024687722316,1,0,0,1,0,1
58,908362,10,104.23125783492742,1,0,0,1,0,0
54,713319,33,5.241941965226593,0,0,0,0,0,1
41,980298,5,87.52079434413335,1,0,0,1,0,0
46,1076031,47,100.40256903950379,0,0,1,1,0,1
48,1470896,49,9.664254817638364,0,0,1,0,0,1
52,1666554,35,105.23373863814652,0,0,1,1,0,1
50,1259622,44,34.51983625565527,1,0,1,0,0,1
38,428071,34,81.50859172747634,1,0,0,1,0,1
49,578165,33,97.04081108769176,0,0,0,1,0,1
40,908662,21,81.20641900182588,1,0,1,1,0,0
50,616366,17,15.612751088424583,0,0,0,0,0,0
20,1515573,22,73.57697466894236,0,1,1,1,0,0
35,1212117,48,68.20212052304652,0,0,1,1,0,1
42,845188,37,108.53694582854122,0,0,1,1,0,1
59,1731191,15,51.487568909084054,1,0,1,0,0,0
48,615008,35,41.92432616501076,0,0,0,0,0,1
20,1831993,28,91.23283791019362,0,1,1,1,0,1
57,1454126,7,52.45766249959061,1,0,0,0,0,0
41,444883,32,79.30106012558224,0,0,0,1,0,1
49,1886994,11,79.3417603643298,0,0,1,1,0,0
39,1709090,10,107.12449240141355,1,0,0,1,0,0
40,1149491,9,73.84962626669619,1,0,0,1,0,0
19,871210,14,62.74766514562849,1,0,1,1,1,0
44,1129616,13,20.970202535599455,0,0,1,0,0,0
59,1370365,25,18.309824768051115,1,0,1,0,0,0
19,879418,2,22.74698000755413,1,0,0,0,1,0
43,900780,35,24.76257535261587,0,0,1,0,0,1
34,1811754,7,78.3558656563179,0,0,0,1,0,0
57,1314593,21,90.21284378157652,0,0,1,1,0,0
50,1426952,18,65.94902513653815,0,0,1,1,0,0
26,1936857,3,100.33703924273146,0,0,0,1,0,0
56,699137,42,118.99527107436782,1,0,0,1,0,1
46,856884,39,99.30145234872595,1,0,1,1,0,1
59,824712,41,84.91147297273531,1,0,1,1,0,1
43,893264,49,66.23666043527186,0,0,1,1,0,1
52,1041344,11,56.618103242591445,0,0,1,0,0,0
42,1806872,39,14.70512376262237,0,0,1,0,0,1
41,1641852,24,50.927406065389455,1,0,1,0,0,0
30,1978602,46,109.66548322994544,1,1,1,1,0,1
24,807847,19,97.92260243925358,0,0,1,1,0,0
53,1303913,4,29.84590697634403,1,0,0,0,0,0
37,1097048,26,58.65989524017982,0,0,1,0,0,1
18,1524070,38,98.92316829423262,1,1,1,1,1,1
25,1272930,42,12.74922380033509,1,1,1,0,1,1
33,1293762,32,49.55014735189582,1,1,1,0,0,1
31,752433,39,102.96174224050398,0,1,0,1,0,1
29,627236,45,51.44825437956423,1,1,0,0,1,1
40,1858987,46,13.9256841441157,1,0,1,0,0,1
32,1748459,36,67.39145238120892,0,1,1,1,0,1
45,1979122,40,104.10038691560396,1,0,1,1,0,1
51,940829,37,72.88283743961337,0,0,1,1,0,1
19,1793445,33,31.022097444636657,0,1,1,0,0,1
49,1861793,36,49.18755631579885,0,0,1,0,0,1
40,485195,3,56.7641865359222,0,0,0,0,0,0
39,775762,9,71.61563068936059,0,0,0,1,0,0
42,816036,8,92.3253679615505,1,0,0,1,0,0
39,1374571,33,16.37046602867307,0,0,1,0,0,1
39,1494266,6,107.30998379702012,0,0,0,1,0,0
59,1580346,41,6.415615846848693,0,0,1,0,0,1
23,993392,39,47.556018487539355,0,1,1,0,0,1
32,628988,4,8.15333564685563,1,0,0,0,0,0
54,380553,13,50.19203591470849,0,0,0,0,0,0
50,760696,49,65.46844887043224,1,0,0,1,0,1
25,1080438,2,63.84335945687385,0,0,0,1,0,0
22,1508144,5,24.047259908250513,1,0,0,0,1,0
56,519278,44,79.26015866099542,0,0,0,1,0,1
21,1400139,27,10.149521808036845,0,1,1,0,0,1
23,1905277,32,92.61928431522777,1,1,1,1,1,1
49,899983,21,113.86410990925782,0,0,1,1,0,0
47,1863191,8,44.073415122378556,1,0,0,0,0,0
52,593554,38,64.48252889714817,0,0,0,1,0,1
57,1451079,8,48.57468197676366,1,0,0,0,0,0
33,1391902,3,5.7716948849668945,0,0,0,0,0,0
30,1955796,44,49.37556783293833,0,1,1,0,0,1
59,1259920,3,96.04782981505484,1,0,0,1,0,0
47,594966,22,73.5387168511004,0,0,0,1,0,0
36,1840821,6,16.644890180743275,0,0,0,0,0,0
34,305423,2,102.42104131478528,0,0,0,1,0,0
36,520197,23,66.07481466180292,0,0,0,1,0,0
45,664071,44,101.79818660063775,0,0,0,1,0,1
43,871256,2,71.72547466027838,0,0,0,1,0,0
54,386833,38,69.36417115636308,1,0,0,1,0,1
43,917912,17,17.104806297656424,1,0,1,0,0,0
40,975435,35,24.246369310942214,1,0,1,0,0,1
26,277454,34,116.78290449710798,0,1,0,1,0,1
29,1506170,23,31.275975876798636,1,1,1,0,1,0
18,1760473,30,117.4069935688923,0,1,1,1,0,1
18,1601320,8,66.16996125029029,0,0,0,1,0,0
51,1109164,22,20.61574041235277,0,0,1,0,0,0
49,1764718,44,16.419753316674687,0,0,1,0,0,1
42,1145439,36,29.019368131160096,1,0,1,0,0,1
57,237641,5,111.44829295291362,0,0,0,1,0,0
18,1802575,13,52.62727579774608,1,0,1,0,1,0
33,1617616,29,50.47494081918515,0,1,1,0,0,1
56,1916118,31,41.01872002307001,1,0,1,0,0,1
22,812121,47,21.912112815157663,1,1,1,0,1,1
39,518420,16,61.10288767712674,1,0,0,1,0,0
46,481685,42,19.95549498878095,1,0,0,0,0,1
20,1724102,30,101.08022718396768,1,1,1,1,1,1
29,1293389,16,47.595653421660245,1,0,1,0,1,0
43,1941134,12,48.10241029490658,0,0,1,0,0,0
33,864180,17,59.510739275562926,1,0,1,0,0,0
54,486214,16,56.07468701406144,0,0,0,0,0,0
39,1128626,12,119.40866690182197,1,0,1,1,0,0
46,542703,8,67.71882894010479,0,0,0,1,0,0
31,404615,20,15.143195935835129,1,0,0,0,0,0
45,1725233,3,74.79089428134695,1,0,0,1,0,0
22,1814650,16,22.432193680036196,0,0,1,0,0,0
47,1998870,30,8.557829144104327,1,0,1,0,0,1
22,599953,45,116.63534767288354,1,1,0,1,1,1
29,1171741,23,93.95697252647484,1,1,1,1,1,0
33,1038003,28,117.7125341275832,0,1,1,1,0,1
43,1536230,40,59.95602152255788,1,0,1,0,0,1
43,481570,5,66.20961608213224,0,0,0,1,0,0
38,1285841,20,24.358749930699975,1,0,1,0,0,0
56,1497897,40,33.39435406677234,1,0,1,0,0,1
53,266150,44,101.43315971382525,0,0,0,1,0,1
50,1860176,1,45.96134941852333,1,0,0,0,0,0
47,1338189,30,100.08372198658819,1,0,1,1,0,1
54,537054,21,86.53657829300866,0,0,0,1,0,0
40,321826,20,25.374656406264535,1,0,0,0,0,0
27,759723,6,63.35633210377035,0,0,0,1,0,0
22,650348,22,82.89954197465244,0,1,0,1,0,0
53,1458593,18,32.02927970243989,0,0,1,0,0,0
51,1199554,8,100.52917870980883,1,0,0,1,0,0
48,334055,39,67.65518061769649,0,0,0,1,0,1
27,690457,32,24.00283580089937,0,1,0,0,0,1
36,876022,33,72.04320900892928,1,0,1,1,0,1
49,1009942,16,119.96708747793012,0,0,1,1,0,0
18,1982123,12,22.30997154129256,1,0,1,0,1,0
22,896358,38,98.92704696374574,1,1,1,1,1,1
21,1698638,34,28.840535366569167,1,1,1,0,1,1
33,1342647,14,94.97465788791004,1,0,1,1,0,0
41,1555267,36,89.47646115896252,0,0,1,1,0,1
33,1041052,33,39.55627934404972,0,1,1,0,0,1
19,346389,23,42.46965851991173,0,1,0,0,0,0
45,1888472,45,96.1399600757357,0,0,1,1,0,1
49,469708,2,58.06623386704096,0,0,0,0,0,0
44,1931281,41,89.044073301858,1,0,1,1,0,1
37,838112,21,22.018176947070998,0,0,1,0,0,0
41,1211727,2,103.04414491867865,0,0,0,1,0,0
29,454444,27,86.7517424184667,0,1,0,1,0,1
52,803561,9,109.2984230160059,1,0,0,1,0,0
50,1061291,1,20.222823589021832,1,0,0,0,0,0
50,411837,11,73.19666754146873,0,0,0,1,0,0
54,310017,3,73.8988672796374,1,0,0,1,0,0
29,323618,23,45.64798516287998,0,1,0,0,0,0
20,659297,26,57.72363882546465,0,1,0,0,0,1
18,1373917,4,9.36787977833315,1,0,0,0,1,0
50,1220154,18,90.77390444210639,1,0,1,1,0,0
57,1015862,6,68.17208513136501,0,0,0,1,0,0
27,1979468,35,11.640220964954985,0,1,1,0,0,1
46,752076,22,83.28692769045584,1,0,0,1,0,0
30,950865,43,58.67993888158661,0,1,1,0,0,1
29,641759,15,8.963044833875,1,0,0,0,1,0
48,1082554,22,116.50488858753097,0,0,1,1,0,0
19,1812838,37,114.14789645528566,1,1,1,1,1,1
52,1093741,42,63.983777856927716,0,0,1,1,0,1
40,740659,12,15.772328381179673,0,0,0,0,0,0
34,622845,47,91.78144048383805,1,1,0,1,0,1
43,906544,49,61.57207651215884,0,0,1,1,0,1
25,524060,42,39.78146000327869,0,1,0,0,0,1
46,1846836,38,61.51309041578403,1,0,1,1,0,1
43,1441835,18,65.08107672162842,0,0,1,1,0,0
27,475128,45,69.71184538756901,0,1,0,1,0,1
43,1019471,35,55.74072707036255,0,0,1,0,0,1
51,809719,30,74.66185986099151,1,0,1,1,0,1
58,1070123,24,110.6544917197334,1,0,1,1,0,0
24,1045038,42,46.66083001633798,1,1,1,0,1,1
21,1652408,30,88.45739327029415,0,1,1,1,0,1
28,1089097,14,107.8620440347867,0,0,1,1,0,0
46,1878237,6,57.437616712392746,0,0,0,0,0,0
53,1429720,3,55.99742118391897,0,0,0,0,0,0
42,450195,16,74.24345331579964,1,0,0,1,0,0
38,1392324,7,73.01177733358614,0,0,0,1,0,0
53,1652608,14,97.75777436752185,0,0,1,1,0,0
27,232733,9,59.79558913450366,0,0,0,0,0,0
54,1989616,15,119.55413920853573,1,0,1,1,0,0
26,726338,21,11.839230419737289,0,1,0,0,0,0
41,309996,35,5.3643025867807,0,0,0,0,0,1
52,758221,2,78.62280582935674,0,0,0,1,0,0
52,749239,27,39.32001492161582,0,0,0,0,0,1
53,756701,2,32.64397470044064,0,0,0,0,0,0
35,1414449,35,40.868394200492254,1,0,1,0,0,1
56,1959555,18,34.44546998706974,0,0,1,0,0,0
49,1150417,14,8.540855710951503,0,0,1,0,0,0
41,1099005,20,116.7262998749177,0,0,1,1,0,0
40,1236580,18,30.3857311720699,0,0,1,0,0,0
49,633816,10,89.41342269777023,0,0,0,1,0,0
54,1961711,25,92.69858538983016,0,0,1,1,0,0
29,1470464,2,111.86460077083137,0,0,0,1,0,0
30,985332,25,8.513187565738697,0,1,1,0,0,0
40,1994029,33,105.28555892140588,0,0,1,1,0,1
42,967950,36,65.63101079657702,0,0,1,1,0,1
52,366472,31,77.7425726460702,1,0,0,1,0,1
58,597710,14,79.11408186891887,1,0,0,1,0,0
47,411760,1,99.27674757324367,1,0,0,1,0,0
34,322744,46,43.34184204829771,1,1,0,0,0,1
37,1978627,16,89.30088683389924,0,0,1,1,0,0
42,1750522,46,65.78648261805267,1,0,1,1,0,1
39,1291577,3,96.24031164511499,1,0,0,1,0,0
30,791652,35,118.91279376856534,0,1,0,1,0,1
36,1111420,41,28.07486700143254,1,0,1,0,0,1
53,1031460,6,119.38459377939975,1,0,0,1,0,0
29,438506,25,15.32839774251901,0,1,0,0,0,0
58,953019,13,5.266518009053595,0,0,1,0,0,0
36,630789,34,10.078622660450595,0,0,0,0,0,1
29,1904742,8,44.304976544727595,1,0,0,0,1,0
26,1110775,21,77.78422802801992,1,1,1,1,1,0
24,1960574,34,12.938397202102706,0,1,1,0,0,1
45,1901165,4,5.651568670900236,0,0,0,0,0,0
31,1112727,25,112.7654682727614,1,1,1,1,0,0
48,699722,15,99.52156313309192,0,0,0,1,0,0
36,1933693,4,98.05606468098857,1,0,0,1,0,0
33,758924,45,106.70879168272737,0,1,0,1,0,1
22,1984033,12,85.503941368792,0,0,1,1,0,0
52,379352,32,17.006474921029366,1,0,0,0,0,1
29,1010694,32,50.89652162847815,0,1,1,0,0,1
42,393283,28,88.16219094343239,0,0,0,1,0,1
38,1172346,13,37.2384629910249,0,0,1,0,0,0
53,1115015,31,84.05173187566731,1,0,1,1,0,1
40,1698771,14,7.8173215507800204,0,0,1,0,0,0
33,1198974,20,40.20579420115322,0,0,1,0,0,0
56,631413,18,68.14998867187487,0,0,0,1,0,0
59,1552564,29,77.69033039321786,0,0,1,1,0,1
56,526898,6,71.35967641311974,0,0,0,1,0,0
31,1151661,32,85.24197174844439,0,1,1,1,0,1
48,1063561,29,5.700206047581493,1,0,1,0,0,1
22,502186,43,16.60823799741497,1,1,0,0,1,1
52,1310241,2,104.92858901210168,0,0,0,1,0,0
40,1495160,23,83.40109407036854,1,0,1,1,0,0
46,1365529,19,17.9871389088913,1,0,1,0,0,0
28,676072,31,101.83856030083662,0,1,0,1,0,1
35,1931312,5,32.85659004982519,1,0,0,0,0,0
29,1226553,19,59.9998866824507,1,0,1,0,1,0
26,1435202,34,21.697598981735933,1,1,1,0,1,1
27,345271,10,86.66265648849627,1,0,0,1,1,0
34,318533,25,81.6882584166408,1,1,0,1,0,0
55,1168452,2,29.27793418410566,1,0,0,0,0,0
24,1846645,11,104.29108818855521,1,0,1,1,1,0
30,1714542,31,51.1501927852669,1,1,1,0,0,1
57,266262,15,38.63923547313531,0,0,0,0,0,0
59,1033032,9,22.517902788421576,0,0,0,0,0,0
26,276898,23,35.60932143928681,1,1,0,0,1,0
44,655699,19,7.533095940738955,1,0,0,0,0,0
19,1397945,9,72.0746116324533,0,0,0,1,0,0
22,754736,35,101.856535829554,1,1,0,1,1,1
46,488316,21,68.1327516857888,1,0,0,1,0,0
54,1256233,9,30.21650562124571,0,0,0,0,0,0
55,677602,28,8.871955494595362,0,0,0,0,0,1
36,1144189,46,29.68222842476233,0,0,1,0,0,1
25,1239504,7,52.85396422817561,1,0,0,0,1,0
18,574999,16,92.35531430047659,1,0,0,1,1,0
39,1932767,16,26.601928041844022,0,0,1,0,0,0
34,207906,33,87.7760171357889,0,1,0,1,0,1
24,1572133,4,104.69734886046662,1,0,0,1,1,0
42,1826892,4,57.20388753246106,0,0,0,0,0,0
21,993719,39,99.46467903889823,1,1,1,1,1,1
53,1544380,40,68.78559502403598,1,0,1,1,0,1
23,1717550,17,78.26544626430407,0,0,1,1,0,0
48,1046936,37,65.52202293889331,0,0,1,1,0,1
36,915080,39,58.2648624264043,1,0,1,0,0,1
56,1875843,29,31.985145804222675,0,0,1,0,0,1
44,234701,36,39.867316838020294,0,0,0,0,0,1
27,1331876,38,38.34656367851504,0,1,1,0,0,1
43,965537,39,69.77822705968869,0,0,1,1,0,1
36,1921610,37,18.79467469774734,1,0,1,0,0,1
56,283560,35,110.43104443076854,1,0,0,1,0,1
20,442615,7,87.87534170755802,1,0,0,1,1,0
30,243642,27,51.166247555017264,1,1,0,0,0,1
45,717083,28,23.241776620533464,0,0,0,0,0,1
37,691036,22,106.42909951798812,0,0,0,1,0,0
45,527304,14,99.734480361634,1,0,0,1,0,0
25,565464,7,87.99797856247562,1,0,0,1,1,0
58,813089,37,36.227910452292875,0,0,1,0,0,1
56,1536651,22,51.281363304871924,1,0,1,0,0,0
18,1342953,5,16.816049032028687,1,0,0,0,1,0
20,526916,2,26.739545343666148,0,0,0,0,0,0
30,1700554,27,95.04691329142427,1,1,1,1,0,1
45,512250,21,87.22945266782864,0,0,0,1,0,0
42,805409,38,73.25086274223248,0,0,1,1,0,1
50,1274135,15,108.00857348150988,1,0,1,1,0,0
55,1092027,21,72.07564954850022,0,0,1,1,0,0
23,758030,10,58.70131999581523,1,0,0,0,1,0
49,1056101,23,44.14263582516271,0,0,1,0,0,0
38,1925690,39,113.15157815965985,1,0,1,1,0,1
33,1383620,5,14.512278075300651,1,0,0,0,0,0
38,1360793,1,112.05204778699297,1,0,0,1,0,0
28,1814737,13,100.07218589206711,0,0,1,1,0,0
54,1092964,21,19.941941321605647,0,0,1,0,0,0
53,603119,26,69.97320113265415,1,0,0,1,0,1
52,858380,45,104.65301790114499,0,0,1,1,0,1
36,1335564,21,70.75805381482267,1,0,1,1,0,0
37,769936,18,109.32797947947157,1,0,0,1,0,0
35,325991,37,113.44313893384489,0,0,0,1,0,1
58,602732,45,53.57422005119518,1,0,0,0,0,1
31,706079,32,48.39107106172722,0,1,0,0,0,1
32,726684,36,112.67693270645303,1,1,0,1,0,1
48,1332658,17,82.64110703221183,0,0,1,1,0,0
18,328322,35,18.342608355039467,1,1,0,0,1,1
20,856951,49,9.863551160608338,1,1,1,0,1,1
33,211303,11,69.93234086468526,0,0,0,1,0,0
40,1410209,21,111.96966102541883,1,0,1,1,0,0
28,1582439,26,102.08860077666911,1,1,1,1,1,1
29,1498266,4,82.72249084339869,0,0,0,1,0,0
27,1209612,34,20.998322622475065,1,1,1,0,1,1
49,299616,48,34.236609131099996,0,0,0,0,0,1
33,1110597,18,105.68379105355086,1,0,1,1,0,0
25,1334807,40,26.022832215543552,0,1,1,0,0,1
55,469458,35,37.02053194879998,1,0,0,0,0,1
29,1268199,41,19.904074887475822,1,1,1,0,1,1
41,923035,29,82.75244661265728,1,0,1,1,0,1
45,690042,29,113.5579651167691,0,0,0,1,0,1
25,658298,38,35.93132363346939,0,1,0,0,0,1
45,1247343,42,59.671759902758474,0,0,1,0,0,1
53,1725416,21,77.9490700667885,0,0,1,1,0,0
43,305228,42,119.93861854479754,1,0,0,1,0,1
25,626346,13,17.052927474720793,1,0,0,0,1,0
45,1955692,49,62.33564194315655,0,0,1,1,0,1
45,1084056,41,49.28881378878751,0,0,1,0,0,1
54,1930228,17,104.56931900057084,0,0,1,1,0,0
58,1769123,9,59.736289066340426,1,0,0,0,0,0
53,1317850,41,17.762415327292032,0,0,1,0,0,1
44,1382117,1,77.95877670795711,0,0,0,1,0,0
34,1302523,2,93.63977110034618,1,0,0,1,0,0
26,1926470,48,5.331343941545678,1,1,1,0,1,1
50,1443268,29,103.7800188233724,0,0,1,1,0,1
37,248874,33,26.392645000651548,1,0,0,0,0,1
30,1822572,10,68.48797693513845,0,0,0,1,0,0
45,1323129,40,52.81671257905677,1,0,1,0,0,1
46,792632,21,87.760188910211,0,0,0,1,0,0
30,909662,28,47.68358570036031,0,1,1,0,0,1
52,771926,11,105.02276531839674,0,0,0,1,0,0
23,1326825,34,89.00708151026087,0,1,1,1,0,1
35,727007,8,79.48701467223597,1,0,0,1,0,0
22,878250,22,96.56766848972825,1,1,1,1,1,0
42,670452,8,91.71264901676396,1,0,0,1,0,0
19,1678301,49,9.132947615978633,1,1,1,0,1,1
27,242534,15,50.39445069215524,0,0,0,0,0,0
47,695518,17,112.04283919139633,0,0,0,1,0,0
22,816529,23,19.458290934106017,1,1,1,0,1,0
50,612003,24,89.7661032996859,1,0,0,1,0,0
18,326209,45,117.07805830356291,1,1,0,1,1,1
35,642061,19,11.002842340171739,1,0,0,0,0,0
49,1437580,5,83.45229627206021,1,0,0,1,0,0
28,816412,32,58.8377262496185,0,1,1,0,0,1
38,1864523,44,71.60515436809304,0,0,1,1,0,1
43,364134,1,14.814253695697358,0,0,0,0,0,0
42,1324289,23,9.945799464698041,1,0,1,0,0,0
39,1991199,37,81.68966596335599,1,0,1,1,0,1
44,688972,8,99.68058442938255,1,0,0,1,0,0
30,1177965,13,94.93176351729123,1,0,1,1,0,0
50,1323994,8,67.5376587046173,0,0,0,1,0,0
51,1184176,23,16.48468443066049,0,0,1,0,0,0
58,1376808,43,84.1251110411416,1,0,1,1,0,1
52,720551,1,32.81722160872678,0,0,0,0,0,0
18,363038,45,109.77290081824911,0,1,0,1,0,1
38,1190049,24,101.40051634775607,1,0,1,1,0,0
23,1130491,35,86.57904121504995,1,1,1,1,1,1
45,1416959,24,114.11728492057999,1,0,1,1,0,0
34,1574572,17,8.613509473796388,1,0,1,0,0,0
22,458722,5,89.66304888198763,1,0,0,1,1,0
48,332079,20,42.97791962368662,1,0,0,0,0,0
22,402053,21,109.197576853932,0,1,0,1,0,0
55,800530,40,35.667647616127425,0,0,1,0,0,1
20,1427165,31,88.35849742122696,1,1,1,1,1,1
40,1751814,46,105.92940725983986,0,0,1,1,0,1
54,1277833,36,9.79053411400848,1,0,1,0,0,1
54,680488,11,50.729471653084154,1,0,0,0,0,0
27,635423,15,92.66553868252295,1,0,0,1,1,0
27,1392929,19,57.315672293372515,1,0,1,0,1,0
36,523390,7,35.73405242626346,0,0,0,0,0,0
34,463579,28,30.277615114666855,1,1,0,0,0,1
38,1478523,43,20.12460069538346,0,0,1,0,0,1
31,1480334,5,103.56989938347246,1,0,0,1,0,0
26,1864221,5,71.16587137392894,1,0,0,1,1,0
18,1406308,30,13.784268674017438,1,1,1,0,1,1
30,1199701,32,48.996737210623074,0,1,1,0,0,1
21,1131011,8,47.28936984258764,1,0,0,0,1,0
18,1976531,10,25.900006931588244,1,0,0,0,1,0
57,1856671,38,55.08337692930193,1,0,1,0,0,1
49,1687331,47,43.19142702021069,0,0,1,0,0,1
51,338563,32,44.30742613160099,0,0,0,0,0,1
45,983066,48,89.98805414561525,0,0,1,1,0,1
48,1754623,28,30.675289333097577,1,0,1,0,0,1
25,905552,17,78.81389526836587,0,0,1,1,0,0
56,526032,31,70.62470674630751,1,0,0,1,0,1
43,797897,8,70.33063891885473,0,0,0,1,0,0
51,972800,40,81.24584480630423,0,0,1,1,0,1
20,1502549,25,68.0639341625002,1,1,1,1,1,0
29,1531673,9,106.11433820733423,0,0,0,1,0,0
18,1625402,2,82.69171057427988,1,0,0,1,1,0
22,1762833,15,67.90077390770963,1,0,1,1,1,0
47,1927757,3,100.42275883307916,0,0,0,1,0,0
47,1679359,49,74.70685496735017,1,0,1,1,0,1
34,1363950,36,38.48158849529558,1,1,1,0,0,1
40,749148,4,28.81591559030569,0,0,0,0,0,0
32,876555,14,22.51769535120806,0,0,1,0,0,0
54,801763,41,108.43734944280169,1,0,1,1,0,1
38,684090,41,86.66557465677757,0,0,0,1,0,1
31,1073698,25,112.79852038889689,1,1,1,1,0,0
19,876787,10,74.37855765721845,1,0,0,1,1,0
28,1537803,21,59.44110137191495,0,1,1,0,0,0
56,942406,36,11.867396231652272,0,0,1,0,0,1
55,1043804,12,82.23886237779342,0,0,1,1,0,0
51,848074,27,71.95400737334658,0,0,1,1,0,1
55,1161568,40,118.87402276257646,1,0,1,1,0,1
51,1780677,2,32.50325944495795,1,0,0,0,0,0
35,1280174,13,66.03479585798613,0,0,1,1,0,0
47,1754510,32,79.86009353857835,0,0,1,1,0,1
32,1865970,31,79.12798509536951,1,1,1,1,0,1
44,489226,16,69.5487574390663,1,0,0,1,0,0
51,1015673,32,94.34672118763093,1,0,1,1,0,1
55,427286,32,28.572839095583888,1,0,0,0,0,1
50,637785,34,88.44712803155782,0,0,0,1,0,1
41,1260321,11,76.26947571480525,1,0,1,1,0,0
32,1012461,10,108.04863785637593,1,0,0,1,0,0
47,1392673,15,102.4273604888619,0,0,1,1,0,0
59,432732,17,41.24190950024362,1,0,0,0,0,0
34,1918224,40,36.767292372142606,1,1,1,0,0,1
22,813474,18,117.8901322430315,0,0,1,1,0,0
46,1124044,9,65.6354958052545,0,0,0,1,0,0
21,1084200,25,109.23841085016024,0,1,1,1,0,0
27,413030,40,23.846317734755452,1,1,0,0,1,1
34,924238,14,78.92417520202004,1,0,1,1,0,0
27,1814710,25,98.1339215464674,0,1,1,1,0,0
34,1218652,22,113.95045370244138,0,1,1,1,0,0
37,1586652,30,43.7941162169577,1,0,1,0,0,1
41,348554,20,88.37283454126603,0,0,0,1,0,0
22,485555,21,66.96349603955619,0,1,0,1,0,0
51,644191,44,11.972326497643841,0,0,0,0,0,1
23,1702337,32,84.34996979052849,1,1,1,1,1,1
19,1754094,46,84.36110419735199,1,1,1,1,1,1
30,1589517,49,112.01978255735176,1,1,1,1,0,1
28,514451,21,62.190931309431825,1,1,0,1,1,0
40,1120597,35,31.478855881709187,1,0,1,0,0,1
33,1532762,32,10.124839696598102,1,1,1,0,0,1
48,1825794,30,52.79885146887916,0,0,1,0,0,1
28,972944,39,39.72042050891271,1,1,1,0,1,1
33,1686205,49,92.52515519274569,1,1,1,1,0,1
25,968747,12,45.74079295672036,0,0,1,0,0,0
21,424695,41,114.14318757620705,1,1,0,1,1,1
57,1084315,47,115.66567334359519,1,0,1,1,0,1
21,1544476,18,76.40448787503642,0,0,1,1,0,0
42,1301844,21,111.79593300671154,0,0,1,1,0,0
20,1681006,13,92.498249619167,0,0,1,1,0,0
49,1461519,21,67.88885871213951,1,0,1,1,0,0
20,1670394,8,25.735412573619485,0,0,0,0,0,0
44,908691,46,57.7387635040916,1,0,1,0,0,1
46,773189,40,69.50056328670102,1,0,0,1,0,1
49,1610706,46,104.35558178452617,1,0,1,1,0,1
36,1443064,7,60.35333830160146,1,0,0,1,0,0
38,1936132,23,108.23258735796502,0,0,1,1,0,0
22,590530,44,82.55013258769893,0,1,0,1,0,1
35,862784,32,20.75489225117221,1,0,1,0,0,1
45,441531,11,119.42285747238569,0,0,0,1,0,0
59,1495269,22,65.63175598669994,1,0,1,1,0,0
39,1194465,22,50.06370408704407,1,0,1,0,0,0
38,1119484,43,80.79808291399554,1,0,1,1,0,1
23,903650,25,17.522731107819496,0,1,1,0,0,0
18,1799295,22,78.20194437663575,1,1,1,1,1,0
22,1486936,28,62.29714005741639,1,1,1,1,1,1
58,544855,29,51.76751804983706,0,0,0,0,0,1
29,1755979,13,114.59730243557341,0,0,1,1,0,0
43,1274961,18,65.09206742418613,0,0,1,1,0,0
51,631374,2,30.19851013904292,0,0,0,0,0,0
31,1664811,29,57.780800128389345,1,1,1,0,0,1
43,480783,21,110.72955152585736,0,0,0,1,0,0
44,1334106,15,25.250979203018385,1,0,1,0,0,0
26,483707,27,29.605059449147245,0,1,0,0,0,1
43,577816,31,6.498400292064631,0,0,0,0,0,1
39,1678236,15,6.631855680513226,0,0,1,0,0,0
47,1186420,23,100.38003710022895,0,0,1,1,0,0
34,1650503,24,89.19409978693992,0,1,1,1,0,0
43,1978254,44,45.8297214919752,0,0,1,0,0,1
53,545114,13,85.30578308117087,1,0,0,1,0,0
18,443373,22,50.44868152564657,0,1,0,0,0,0
25,547697,43,114.58313153975017,0,1,0,1,0,1
52,1410355,37,116.21105836399401,0,0,1,1,0,1
32,1418758,33,50.17128421807449,0,1,1,0,0,1
39,1246914,3,103.23551922919982,1,0,0,1,0,0
31,1965724,19,93.90523979520862,0,0,1,1,0,0
43,1855743,23,40.64999277475577,0,0,1,0,0,0
45,1156331,29,31.684580323627188,0,0,1,0,0,1
40,1486836,30,57.696984795175894,0,0,1,0,0,1
31,1123159,39,94.85511667065671,1,1,1,1,0,1
41,1171129,44,115.41929524380572,0,0,1,1,0,1
19,1919187,47,92.81159291965585,1,1,1,1,1,1
43,846701,25,103.34880327711255,0,0,1,1,0,0
31,986958,37,74.3523952096094,1,1,1,1,0,1
24,530904,47,101.07190054684447,1,1,0,1,1,1
20,1296413,8,95.20839867039302,0,0,0,1,0,0
40,718349,42,48.35333732152221,0,0,0,0,0,1
35,984838,16,68.47888474388293,1,0,1,1,0,0
55,997968,8,97.54660902881491,1,0,0,1,0,0
52,1801405,1,10.296524431844983,0,0,0,0,0,0
32,279083,44,97.92911747092045,1,1,0,1,0,1
42,758819,5,25.457134265637695,1,0,0,0,0,0
54,1519432,3,64.18861596896548,1,0,0,1,0,0
45,1614821,1,97.95167554893283,0,0,0,1,0,0
27,1847608,4,34.18942398801991,1,0,0,0,1,0
56,977147,40,33.2678555202076,1,0,1,0,0,1
34,1248382,35,51.317905823158966,1,1,1,0,0,1
56,854037,32,107.88392172142797,0,0,1,1,0,1
39,1238836,42,5.050919865278907,0,0,1,0,0,1
43,1041047,34,108.65905611382252,1,0,1,1,0,1
42,806791,43,22.687807833784895,0,0,1,0,0,1
34,1502922,25,118.85993324776044,1,1,1,1,0,0
30,809996,10,114.80740419942383,0,0,0,1,0,0
37,915472,21,61.88764680299758,0,0,1,1,0,0
42,1875335,46,63.96282849845224,1,0,1,1,0,1
21,1244244,39,60.37817413172324,0,1,1,1,0,1
27,978513,27,78.07601925084509,0,1,1,1,0,1
20,1406237,27,15.43299575701707,0,1,1,0,0,1
58,1933951,2,8.751064059280148,1,0,0,0,0,0
35,360081,41,11.63583676782837,0,0,0,0,0,1
53,588590,48,56.10201516277415,0,0,0,0,0,1
39,1965982,13,36.688013010240596,1,0,1,0,0,0
51,1093093,9,76.53454967266428,0,0,0,1,0,0
25,881503,36,119.13086327809958,0,1,1,1,0,1
57,1254730,22,49.42716490379358,0,0,1,0,0,0
36,877164,42,70.99174422201904,0,0,1,1,0,1
59,1159192,26,52.79444802934358,0,0,1,0,0,1
58,1312864,12,102.43624178801383,1,0,1,1,0,0
54,251195,17,108.75718639815739,1,0,0,1,0,0
23,482725,14,105.89589540360491,0,0,0,1,0,0
43,645864,14,117.05280744811462,0,0,0,1,0,0
51,492231,34,8.164706291147759,0,0,0,0,0,1
23,905290,20,101.57885864673607,1,0,1,1,1,0
54,364053,11,91.45379989949572,1,0,0,1,0,0
50,793586,16,31.29985708104195,0,0,0,0,0,0
39,1979240,31,114.97681073956566,0,0,1,1,0,1
38,1685200,6,22.04046174644373,1,0,0,0,0,0
23,1288075,19,83.14824162039946,0,0,1,1,0,0
23,1636536,37,30.862374933829937,1,1,1,0,1,1
21,645485,4,54.60877460901859,1,0,0,0,1,0
47,1942495,47,87.70338814862542,0,0,1,1,0,1
28,1493774,4,69.78233383380037,1,0,0,1,1,0
47,1716111,20,54.162710602732844,0,0,1,0,0,0
48,1869211,10,42.52891955717853,0,0,0,0,0,0
41,1559507,24,101.56086040651088,0,0,1,1,0,0
26,1546208,35,21.538650286203577,0,1,1,0,0,1
20,536585,26,54.461830800927004,0,1,0,0,0,1
48,1978599,37,108.93212075414135,0,0,1,1,0,1
57,222431,38,102.27269830289629,1,0,0,1,0,1
54,1572401,21,51.10830268440037,1,0,1,0,0,0
53,1443131,40,92.75746181415046,1,0,1,1,0,1
41,847008,39,99.66349553151882,1,0,1,1,0,1
48,773441,21,107.22205376041742,0,0,0,1,0,0
23,468512,10,67.61816344066122,1,0,0,1,1,0
19,1098792,38,28.513001896291858,1,1,1,0,1,1
37,376076,46,34.36054379795214,1,0,0,0,0,1
45,1468300,4,39.004887514784485,0,0,0,0,0,0
28,1829849,45,73.28728529310578,1,1,1,1,1,1
21,1563046,20,8.77310677478997,0,0,1,0,0,0
32,1881601,17,78.14488390969635,1,0,1,1,0,0
23,1984997,7,46.90073741924668,0,0,0,0,0,0
47,878758,4,38.95280728630885,0,0,0,0,0,0
55,953753,29,106.14210563373453,1,0,1,1,0,1
19,250861,14,57.900275491791874,0,0,0,0,0,0
32,1586617,3,15.93110023625967,0,0,0,0,0,0
28,1461553,24,100.0758783230184,1,1,1,1,1,0
25,851406,37,10.478744605198258,1,1,1,0,1,1
43,921001,16,88.57616077934262,1,0,1,1,0,0
22,209078,4,93.99921550362649,0,0,0,1,0,0
23,524912,24,45.54929968181869,0,1,0,0,0,0
43,1823911,34,99.85060347194548,0,0,1,1,0,1
21,1058058,30,64.30083167349214,1,1,1,1,1,1
36,1044092,18,58.27877012637163,0,0,1,0,0,0
37,1167290,19,10.221377368899642,0,0,1,0,0,0
50,1643717,31,38.353357269624176,0,0,1,0,0,1
37,415048,19,112.06614665180948,0,0,0,1,0,0
29,960581,49,50.0597557776025,0,1,1,0,0,1
18,1890696,46,67.87055986402837,0,1,1,1,0,1
43,1116838,19,66.18249308318896,0,0,1,1,0,0
31,849438,22,72.89957532960973,1,1,1,1,0,0
55,1405663,24,12.053059898977502,1,0,1,0,0,0
54,233320,45,46.650269301853754,1,0,0,0,0,1
28,527025,12,88.15975149649373,0,0,0,1,0,0
53,815115,30,28.064428873393037,0,0,1,0,0,1
30,1761863,38,28.41151341783145,1,1,1,0,0,1
20,564359,31,6.160419769237844,0,1,0,0,0,1
50,1143793,36,55.31042155994412,1,0,1,0,0,1
23,1508507,19,106.51445377744353,0,0,1,1,0,0
27,1143187,48,10.968608512540536,0,1,1,0,0,1
22,606845,45,26.9786515920403,1,1,0,0,1,1
40,1797690,36,40.65972190941683,1,0,1,0,0,1
27,300734,30,89.14834470488448,1,1,0,1,1,1
19,357702,49,78.67309317229746,1,1,0,1,1,1
30,954122,33,52.83354902691333,1,1,1,0,0,1
57,1425811,18,92.29292801471321,0,0,1,1,0,0
19,1347087,49,75.10756634054373,0,1,1,1,0,1
37,1183939,28,108.0446919605802,0,0,1,1,0,1
18,1522373,47,99.07307615094969,1,1,1,1,1,1
54,1931897,11,34.07356470025806,1,0,1,0,0,0
26,806229,45,36.21543642793303,1,1,1,0,1,1
34,929497,33,19.415994716124345,1,1,1,0,0,1
26,298818,17,43.750943457507496,1,0,0,0,1,0
28,1173950,6,119.94755065269585,1,0,0,1,1,0
32,352360,4,51.66138439073202,0,0,0,0,0,0
41,819369,20,30.356169989247235,0,0,1,0,0,0
55,761165,48,92.6855317146886,0,0,0,1,0,1
52,573706,47,67.38416539820545,0,0,0,1,0,1
47,1132817,27,22.204166695599543,0,0,1,0,0,1
48,1460533,15,48.779313333499566,1,0,1,0,0,0
22,272715,6,52.66401728702448,1,0,0,0,1,0
31,341398,47,91.69041556546014,1,1,0,1,0,1
28,1882955,14,7.377207422569013,1,0,1,0,1,0
26,1767628,11,35.9372593818057,1,0,1,0,1,0
51,1381208,39,64.52357465128503,1,0,1,1,0,1
29,1065580,9,35.91737538207698,0,0,0,0,0,0
52,283186,26,77.26991545318486,1,0,0,1,0,1
52,1935826,16,60.41476011658091,1,0,1,1,0,0
18,1399670,5,46.596679308851776,1,0,0,0,1,0
57,794604,10,114.15899209010891,1,0,0,1,0,0
39,1276956,3,77.6983424064426,0,0,0,1,0,0
46,834486,13,19.943257810813243,0,0,1,0,0,0
25,464500,43,69.41054520599049,1,1,0,1,1,1
28,270326,49,94.78416311810362,0,1,0,1,0,1
58,1078879,30,86.47631521167169,0,0,1,1,0,1
54,839282,45,24.79026136895483,1,0,1,0,0,1
31,420971,6,116.82829988961188,1,0,0,1,0,0
47,1006481,17,56.61356926085969,1,0,1,0,0,0
52,1717509,45,23.28787543013005,1,0,1,0,0,1
38,1417060,19,25.72251172473701,1,0,1,0,0,0
54,1231519,42,16.297024101744256,0,0,1,0,0,1
22,989352,35,97.40458247001744,1,1,1,1,1,1
36,684410,46,19.033506847012596,1,0,0,0,0,1
31,1590281,26,19.389404571300897,1,1,1,0,0,1
43,425314,5,102.80423569749632,0,0,0,1,0,0
21,1687292,29,44.629469711469355,1,1,1,0,1,1
42,1828094,37,8.548658995428331,1,0,1,0,0,1
59,1740448,20,10.96795944461725,1,0,1,0,0,0
42,716998,49,21.34960137094799,0,0,0,0,0,1
35,1147531,21,29.540235017204296,1,0,1,0,0,0
57,1768560,10,81.49181233741662,1,0,0,1,0,0
25,665757,5,23.092522200210247,1,0,0,0,1,0
56,1623060,36,18.670554985363278,0,0,1,0,0,1
57,708062,6,92.9427012697721,1,0,0,1,0,0
31,1832185,26,82.17135764389016,1,1,1,1,0,1
49,332028,4,55.06228546735216,1,0,0,0,0,0
55,431447,39,68.17062372021195,0,0,0,1,0,1
50,1060563,39,40.87816233753812,1,0,1,0,0,1
40,1689700,35,60.48754832706648,1,0,1,1,0,1
32,1195843,1,63.26735463301576,1,0,0,1,0,0
50,826045,24,49.532286185481034,0,0,1,0,0,0
42,1681235,36,109.25580422729871,0,0,1,1,0,1
34,501207,6,6.847114472815707,1,0,0,0,0,0
50,1624945,41,94.94969525549331,0,0,1,1,0,1
19,1627120,46,19.304025592752296,0,1,1,0,0,1
31,1591538,44,96.71794646177794,0,1,1,1,0,1
57,466847,31,75.82987030282294,1,0,0,1,0,1
57,920488,20,101.97698045768627,1,0,1,1,0,0
56,796387,24,16.21414744870321,0,0,0,0,0,0
23,619065,25,69.28277292147402,0,1,0,1,0,0
23,887220,36,62.62510623015267,0,1,1,1,0,1
20,231585,21,86.21221604078625,1,1,0,1,1,0
24,1663807,30,66.44341346777271,1,1,1,1,1,1
25,1195043,24,67.18447522030698,0,1,1,1,0,0
59,1816449,44,54.40353351124744,0,0,1,0,0,1
32,489102,42,40.5159587608442,0,1,0,0,0,1
46,1536737,30,60.4604015440021,0,0,1,1,0,1
50,1635397,22,18.626621258366068,1,0,1,0,0,0
47,1162854,28,115.57403398305475,0,0,1,1,0,1
56,479922,7,87.1572378170588,1,0,0,1,0,0
44,900601,35,114.53371841910239,0,0,1,1,0,1
53,1290805,28,31.073648967945775,0,0,1,0,0,1
46,1335228,14,106.12421732030073,0,0,1,1,0,0
55,1114699,10,98.01084822480692,0,0,0,1,0,0
50,449474,16,82.87252743263247,0,0,0,1,0,0
54,1952300,16,76.87835639979866,1,0,1,1,0,0
44,1112935,31,41.40321150580505,0,0,1,0,0,1
50,460116,42,98.88724027097854,0,0,0,1,0,1
21,1071310,25,62.674278070169386,0,1,1,1,0,0
39,1144994,13,13.152531227497818,1,0,1,0,0,0
19,720985,6,40.97926349833995,1,0,0,0,1,0
27,219975,44,112.55916633271268,1,1,0,1,1,1
22,357795,9,102.82822996955731,1,0,0,1,1,0
27,1665071,45,117.91915527880201,0,1,1,1,0,1
50,1457949,36,77.21923899947129,0,0,1,1,0,1
55,1129065,43,33.46365841114738,0,0,1,0,0,1
30,1224939,20,23.723730712839334,1,0,1,0,0,0
48,1445709,18,26.49516066997309,0,0,1,0,0,0
53,1074829,43,7.276500709934254,0,0,1,0,0,1
41,1953089,21,49.928442763383,1,0,1,0,0,0
32,1543862,4,27.01418325744739,1,0,0,0,0,0
46,1837188,33,52.34037795252078,1,0,1,0,0,1
25,1424613,27,112.52435966145802,0,1,1,1,0,1
22,588076,7,54.51212409332685,0,0,0,0,0,0
